data,ano,mes,media_temp,rad,vento,max_temp,min_temp,soma_carga,Agua_Grande,Aldeia_Campista,Alvorada,Areia_Branca,Ari_Franco,Baependi,Barra,Boca_do_Mato,Botafogo,Bras_de_Pina,Brisamar,Cachambi,Cachamorra,Camara,Camerino,Campo_Marte,Carmari,Cascadura,Caxias,Centenario,Coelho_da_Rocha,Colegio,Comendador_Soares,Copacabana,Cosmos,Curicica,Democraticos,Eldorado,Esperanca,Fontinele,Fundao,Gardenia,Governador,Guadalupe,Guanabara,Humaita,Influencia,Inmetro,Itaguai,Itapeba,Jaboatao,Jardim_Botanico,Leblon,Leme,Leopoldo,Mackenzie,Marapicu,Mato_Alto,Maturaca,Mena_Barreto,Meriti,Nova_Iguacu,Paciencia,Padre_Miguel,Pavuna,Pedro_Ernesto,Piedade,Porta_Dagua,Posto_Seis,Queimados,Ramos,Recreio,Retiro,Rio_Comprido,Rosali,Samaritano,Santa_Cecilia,Santa_Clara,Santa_Luzia,Santissimo,Santo_Antonio,Sao_Conrado,Sao_Joao,Sapucaia,Sarapui,Saudade,Seropedica,Taquara,Terra_Nova,Tres_Rios,Triagem,Trovao,Turiacu,Uruguai,Vigario,Vigario_Geral,Vila_Valqueire,Vilar_dos_Teles,Volta_Redonda,Washington_Luis,Zona_Industrial
2015-01,2015,1,29.00,1058.74,1.60,39.40,20.80,3077644.85,29486.00,39283.16,51325.36,55003.98,50223.49,48516.00,44691.21,35764.00,33635.07,34153.97,9470.87,49910.54,45695.76,64079.76,40855.32,40185.92,28916.17,61017.05,49430.24,22882.56,39890.00,36896.84,40167.85,30890.00,31701.84,61994.96,30072.67,5516.30,59056.46,20721.00,12913.15,4000,29393.24,43151.15,34763.24,20912.21,3520.87,12300.81,19208.00,35388.69,51415.76,38107.20,34603.62,17889.15,26635.08,19778.20,21013.49,22903.47,32048.08,59545.95,37376.26,61224.43,29949.00,43469.05,35991.57,36716.00,35931.10,75573.50,40958.92,32043.20,30613.17,34560.48,21651.00,45640.57,49152.84,20373.81,18089.00,27714.40,25390.59,34501.52,50710.31,28195.44,26470.00,3083.39,39858.61,7016.82,27055.95,51195.00,31415.00,35336.58,33743.70,30070.98,32292.00,25027.43,4936.07,33484.69,30155.00,22830.09,32974.05,37950.56,11876.64
2015-02,2015,2,27.55,867.63,1.45,38.20,20.40,2544870.26,23426.00,29221.25,45314.85,43888.05,40366.30,41732.00,45870.39,28961.00,30236.22,27630.56,7765.00,41256.45,37717.89,53558.90,32887.00,32876.27,23878.85,50028.74,39909.99,18042.24,32931.00,30707.85,33885.06,24819.01,25028.99,49337.44,22453.99,4816.97,51249.84,17348.00,10968.92,4979.12,24532.12,35726.94,29514.06,16077.02,2938.00,10787.52,16135.00,29046.23,42785.39,32931.73,27241.44,14521.89,21592.69,16897.85,16728.21,20884.86,24337.24,47596.23,29295.74,46785.08,24595.37,34436.12,29825.37,30765.02,28602.27,60114.98,33462.84,29090.50,27516.39,27660.51,18107.00,37500.07,39360.22,15835.55,14701.75,23171.25,21383.26,26936.81,42856.61,23550.83,20476.40,2563.61,33245.23,6140.68,22514.48,40609.00,25387.28,31317.14,29775.43,25323.20,26133.00,22584.27,4112.37,28688.50,26190.00,20055.04,26749.05,31146.04,10092.62
2015-03,2015,3,26.11,665.04,0.88,36.20,18.80,2657071.26,24346.00,31668.34,46666.65,46073.41,42581.15,41273.33,41641.47,28762.00,31204.80,29071.75,8041.70,43820.78,38955.63,54576.00,35281.17,36474.48,25055.40,51805.72,42643.13,19293.66,33858.00,30983.49,34179.42,24670.00,27529.18,49849.07,23612.72,4922.27,52945.00,19019.00,11510.85,8046.00,25240.71,36960.29,29522.54,17174.88,3268.00,11124.55,16509.00,27451.48,45090.03,35366.57,29310.02,14446.93,21668.19,19383.85,18408.79,22091.00,25377.00,50517.87,36733.00,52749.80,27169.63,35864.33,29936.06,31948.57,30873.27,60998.00,31861.68,24322.53,28049.95,30344.06,19817.00,40091.32,41173.23,16738.82,16075.00,23552.89,24102.73,27461.24,47102.70,24063.73,21625.00,2787.26,33946.56,6247.46,23727.22,41500.00,25328.00,34282.39,30734.58,28056.88,26892.00,19732.40,4419.41,29478.50,26595.00,20092.09,28491.94,32581.87,11146.60
2015-04,2015,4,24.50,651.27,1.06,33.80,17.80,2280771.09,20558.00,26967.06,39309.19,39506.62,36765.57,34552.00,34231.77,23858.00,25918.83,24535.34,7294.61,36275.69,33611.78,44688.83,29962.81,31569.32,21248.90,46554.28,36786.82,18418.70,29378.00,25472.69,29464.61,20322.00,23572.99,41877.40,21182.60,4036.78,47641.95,17199.00,10577.00,7593.00,21863.98,30895.62,25395.25,15087.85,2922.00,9774.91,14134.00,23849.41,39904.68,27672.00,24715.05,12438.74,17950.90,16594.65,16211.11,18938.00,23064.81,42769.65,34685.20,45521.01,24463.00,31061.78,30074.31,26327.52,24484.00,45426.00,28387.00,21446.66,23861.75,25950.43,18152.00,32611.77,35336.70,14033.83,14368.00,20420.98,19740.13,24383.45,38567.28,19979.74,19172.00,2492.16,29958.99,6191.13,22104.12,37928.00,22737.00,31249.24,24883.53,23783.91,22274.00,15852.02,4199.18,26354.83,22288.00,16820.64,25191.00,28031.83,10033.00
2015-05,2015,5,22.31,551.44,1.01,33.20,15.10,2068023.44,18514.00,25170.03,35995.11,34532.15,31350.02,31732.00,30739.37,21608.00,24308.57,22143.57,6717.80,34031.50,30804.54,39862.43,27622.98,31167.28,19417.95,42005.75,32456.38,18857.68,26333.00,22351.22,26777.89,18007.00,20880.10,39059.44,19466.00,3476.94,42048.17,16605.00,9897.00,7241.00,19695.84,27583.50,22379.36,13927.22,2800.00,8851.29,13069.00,23817.99,34653.94,26538.00,22198.38,11323.98,16006.46,15664.26,14169.18,17396.00,20516.31,37950.89,30796.80,42077.98,21908.00,26989.51,26075.00,24136.92,22730.00,40428.00,24461.12,19517.86,19599.34,20774.66,17455.00,28719.82,31803.84,12918.14,14118.00,18245.83,19271.43,21537.61,37957.99,17900.67,16926.96,2883.00,26502.99,6431.49,20416.58,33125.00,18684.00,29582.86,22014.29,21894.53,21239.00,15148.82,4155.94,24433.10,20347.00,14806.23,23541.57,23411.99,10165.40
2015-06,2015,6,21.20,484.63,1.06,33.50,13.30,1927421.02,16573.00,23158.37,33899.44,31352.63,29675.23,29915.00,26569.63,20988.00,23033.69,20867.69,6482.00,29030.02,27963.22,37231.51,26594.86,28998.93,17675.83,38335.13,29595.46,18327.95,23978.00,20637.13,24559.26,17347.51,19377.22,35431.00,18161.78,3777.71,37147.04,15503.00,9000.00,9293.71,18156.46,25403.84,20445.79,12889.53,2686.00,8181.06,11813.00,24465.00,32065.75,24963.00,21016.52,10691.62,14947.06,14810.31,13017.13,14254.06,18990.65,32675.53,26822.83,39044.84,20233.00,25059.63,24131.63,22006.56,22260.00,39891.00,23685.40,18348.93,18837.92,20246.08,16529.00,27156.59,29105.95,11925.40,13940.00,16648.15,18100.53,22657.00,36811.41,16727.06,15359.52,2312.94,24109.57,5814.10,19224.83,30493.00,17739.00,28794.68,21230.10,19528.87,19614.00,14005.71,3978.01,22596.29,18391.03,13673.06,23089.30,21058.67,11950.82
2015-07,2015,7,21.91,481.76,1.14,33.50,15.00,2006169.60,16689.00,24411.90,34507.82,32277.46,30178.08,30975.00,28697.47,21673.00,24326.58,21944.71,6588.25,32221.33,28857.28,38512.27,30796.04,31684.90,18656.54,38572.34,31217.17,19332.76,24931.00,20999.59,25746.53,18273.31,20140.16,36510.28,17538.92,3616.22,39223.28,16112.00,9590.00,10073.72,18918.80,25820.92,21374.66,13525.27,1483.00,8598.50,12282.00,22148.07,33497.59,25203.00,21893.58,11110.51,15579.62,15426.46,13422.57,17157.03,19853.35,35773.77,27980.94,41418.32,20575.00,26440.93,24710.80,23454.54,21353.00,38681.56,24197.76,19023.84,19705.68,22876.58,17011.00,28018.82,29475.22,12211.29,15015.00,17402.74,19590.03,22514.64,38003.90,17159.58,15801.00,3797.22,25278.02,5864.96,19732.27,32105.00,18409.00,29929.93,21806.03,20957.55,20497.00,14515.37,4231.13,23037.06,19016.32,14037.94,25029.68,22053.21,12045.06
2015-08,2015,8,22.67,694.82,1.39,37.00,13.80,2081029.71,18016.00,25406.12,35117.20,35126.65,32330.98,31381.00,28025.39,21861.00,24423.84,23170.00,6983.09,34065.07,30231.95,41612.90,31002.39,31163.74,19787.31,40967.12,32679.06,19513.14,26685.00,22468.50,27876.03,18023.00,21417.73,37058.83,18841.40,4053.29,41575.88,16374.00,9530.00,11049.00,19260.10,26961.63,22172.22,13638.49,2644.00,8666.19,12964.00,21898.10,36346.23,25170.50,21734.69,10501.04,16321.27,14855.99,14627.54,17465.35,20979.47,39169.19,27884.47,41187.76,22324.00,28846.42,26138.62,24508.64,21651.00,39012.58,23944.25,21570.30,20339.46,22772.13,17276.00,28809.29,32390.04,12329.05,15083.00,18699.44,19219.35,24105.62,38217.36,17324.68,16945.00,2735.40,27007.26,5978.15,19995.20,33372.00,19314.00,30868.83,22613.08,21969.66,21174.00,15021.19,4124.08,23914.64,19647.30,14886.15,26462.50,22940.60,10824.82
2015-09,2015,9,23.74,560.52,1.56,39.50,17.20,2139462.80,19087.00,24466.12,37672.84,36091.64,33932.48,31947.00,29046.67,23476.00,25126.49,23002.00,6990.27,35126.99,29935.14,43768.45,31077.96,32771.02,20170.39,43231.84,34475.50,19334.85,27391.00,23361.16,28270.85,18824.00,21427.87,38210.24,20045.53,4954.60,41397.57,16725.00,9990.00,10296.00,19032.93,28142.72,23783.55,14055.12,2958.00,9107.73,13116.00,23733.76,37823.87,26220.10,22794.69,11141.16,17534.34,15442.10,14698.99,18095.17,21874.42,39687.05,27018.05,43534.56,22265.00,30413.05,26810.13,25350.38,20916.00,40866.20,25706.15,22285.89,20764.77,22728.70,17740.00,30913.80,32362.39,12824.73,16626.00,19003.98,19612.19,23602.59,39257.62,17701.06,17091.20,2357.55,28083.58,7926.07,20647.95,33898.00,21875.00,31676.00,23042.95,22338.16,22033.00,16181.42,4000.37,24260.40,18932.20,15447.64,23852.48,22754.81,9829.09
2015-10,2015,10,25.05,705.28,1.78,41.90,15.70,2346203.75,21750.00,25337.24,39475.25,40917.95,37237.63,34147.00,32993.70,25177.00,26390.05,25179.00,7513.22,36038.61,35194.08,49561.45,32552.66,33120.63,22190.41,46519.13,40127.31,21410.45,29581.00,26259.31,31356.80,20468.00,24004.24,39876.16,22808.07,5362.75,46435.78,18363.00,11060.00,9201.00,20914.82,29383.19,26337.55,15192.75,3110.00,9671.57,14449.00,26512.96,41124.24,28583.84,24979.08,11914.09,19010.71,16367.61,16459.92,20087.71,22674.35,44526.08,27398.30,43414.21,25235.00,32256.45,28200.45,27879.33,22953.00,42670.25,32557.57,23317.57,24027.86,25161.82,19905.00,33931.45,35401.85,13939.87,16854.00,21481.21,20744.90,27259.34,40512.84,19500.53,18733.00,2861.47,31746.53,7059.79,22631.14,38531.00,25358.00,33554.00,26464.77,24039.51,24088.00,16971.60,4294.76,26565.47,22703.95,17242.80,28329.83,28984.22,13961.00
2015-11,2015,11,25.79,633.54,1.48,38.10,19.90,2354538.71,23465.00,27165.89,39063.34,41717.98,37391.23,34220.00,33029.24,26166.00,26410.28,25664.00,7616.53,37754.98,35588.96,49426.94,33242.36,31935.58,21390.02,46586.82,39243.03,18682.51,30410.00,26486.88,32105.95,20558.00,24380.28,41829.15,22959.82,4337.34,46427.48,17933.00,11200.00,8206.00,20884.61,31677.78,27652.80,15064.50,2968.00,9947.14,14301.00,27881.32,40464.51,28188.80,24552.16,11357.41,19264.32,14326.66,16990.06,20030.42,23390.51,44281.23,28419.70,45755.17,25764.00,32310.23,27814.25,27567.60,22138.00,42536.79,32265.94,22831.68,24299.50,25263.42,19329.00,33913.85,36216.72,14145.93,16175.00,21534.49,21303.21,27191.00,40153.71,20119.04,19026.00,2652.70,32016.61,6311.95,22411.81,37905.00,25238.00,33350.01,26168.24,24782.46,24130.00,17703.39,4260.39,25437.87,23153.15,17637.06,27916.64,29339.16,13836.94
2015-12,2015,12,27.76,901.55,1.60,38.70,19.90,2705778.32,26707.00,32398.84,44498.68,47921.71,43617.98,40205.00,38968.41,31223.00,29709.14,28896.00,8586.00,44385.17,42087.01,54986.34,35996.10,36567.13,24373.78,54799.78,45242.67,18670.96,35688.00,31849.91,36282.14,24782.00,26091.20,49583.24,26017.19,4435.00,55147.04,18729.00,11240.00,15398.00,24363.30,37328.03,30838.88,17572.39,3167.00,10863.31,16752.00,31497.53,47419.05,33310.72,29242.75,14207.43,22965.13,14575.78,18506.37,23524.81,28852.64,52420.16,32031.40,54247.00,28573.00,37563.16,33058.75,32199.06,30007.00,49465.89,38276.78,25110.46,28429.30,30399.97,20193.00,39559.96,42516.55,16806.49,18321.00,24796.70,21276.99,32063.31,45007.75,24349.00,22830.00,2784.68,36649.25,6644.04,24604.48,44568.00,27128.00,33287.90,27617.73,28020.60,27410.00,21771.00,4567.91,30178.77,27822.91,20566.51,27004.31,33287.14,14324.81
2016-01,2016,1,26.60,780.06,1.66,38.20,20.10,2568858.53,23980.00,29435.18,42817.59,46459.80,41651.87,38586.00,36999.12,28817.00,28252.52,27035.00,7920.69,38659.52,39151.98,52417.27,35402.93,34879.02,22993.62,51092.17,42980.58,17094.73,33440.00,29434.31,34550.14,23806.00,27218.88,45413.88,24905.69,4261.62,51773.28,17880.00,11350.00,14280.00,23038.94,35350.00,29708.23,16367.66,3129.00,10314.69,16069.00,28573.11,43602.01,31294.09,27613.23,13258.94,20678.62,14386.53,18979.91,24652.88,25929.39,48455.93,31338.92,49466.99,28449.00,35736.34,31042.38,30719.98,27800.00,56115.00,37426.58,23295.87,26763.23,29349.70,19349.00,36258.39,39333.34,15490.52,17764.00,24044.41,20816.10,28133.72,41506.76,22633.78,21280.00,2691.56,35546.62,6386.56,24047.50,41754.00,27054.00,32333.65,27973.11,26969.15,26189.00,20120.16,4177.40,28396.74,24403.00,19690.72,24592.99,30878.00,14977.00
2016-02,2016,2,28.23,981.24,1.58,38.90,20.30,2698429.20,25776.00,31480.53,45100.98,49381.16,44513.06,41697.00,40513.52,30560.00,29442.36,27572.00,8951.85,39822.40,41857.74,58659.84,33947.91,34021.41,24626.01,52190.97,43468.18,16800.68,33741.00,30088.41,36746.82,26388.00,28369.92,46945.89,26162.54,4058.47,55447.12,18081.00,13640.00,15396.00,24726.85,38545.00,31183.30,16801.37,3118.00,10264.29,17044.00,33308.96,46335.21,33912.51,29946.08,15128.36,22566.67,16368.37,19503.72,26725.22,28123.74,52491.41,32284.02,52549.20,30392.00,36697.61,30486.13,32671.61,30970.00,58517.00,40368.40,26082.11,25962.18,30746.11,19637.00,39525.22,40157.28,16818.58,17740.00,25045.08,21404.38,27987.89,41135.87,23885.53,20989.00,2720.68,38281.22,6235.82,22866.69,43444.00,29551.00,32443.45,28947.03,28690.37,27723.00,21326.28,4162.61,29319.46,28343.00,19844.03,26734.22,32422.11,15161.05
2016-03,2016,3,27.06,726.73,1.34,36.00,20.70,2769464.11,25589.00,32189.96,46289.33,50525.65,45094.82,40575.00,40591.29,30924.00,31364.76,29643.00,12242.18,43166.50,42075.26,58810.37,34096.18,38428.72,25482.08,55537.08,45476.02,18998.57,36217.00,30498.53,36928.83,26583.00,29651.42,47339.27,26572.53,4017.34,58594.12,18860.00,11690.00,21148.00,25184.16,38776.00,31527.66,16411.48,3289.00,9858.47,17582.00,33111.13,48776.48,34272.86,31948.78,15302.78,21264.11,19476.48,20013.35,24845.05,28970.52,51710.49,34920.80,54128.32,30475.00,37157.10,33008.56,34456.79,30850.00,51938.95,40212.75,26595.94,27464.37,31390.18,20509.00,40695.17,42481.56,17040.01,18577.00,25964.95,23579.49,22360.06,44613.96,22328.30,23112.00,2814.96,37955.17,6558.24,24411.07,44247.00,28556.00,33532.94,28860.55,29731.13,28746.00,22180.00,4350.35,31720.91,28521.00,19809.01,26583.74,34213.02,16053.09
2016-04,2016,4,26.46,712.61,1.18,36.60,18.30,2701015.20,25305.00,32869.31,43693.78,49956.68,44397.76,39288.00,37454.87,30476.00,29571.58,28991.00,8638.47,42880.16,40869.33,56891.14,35340.04,37497.74,24472.83,54107.32,44336.42,21017.38,35891.00,30154.85,36944.22,23991.00,29865.14,45250.92,27145.41,4074.91,56597.30,18348.00,12412.52,19137.00,23463.82,38165.00,30830.77,16942.70,3257.00,9512.42,15815.00,33189.81,47546.70,31621.78,29267.25,13922.61,18499.90,15826.09,19377.06,25928.40,28378.77,52024.33,34149.73,54156.62,30583.53,38465.00,32753.56,32359.57,28982.00,51498.62,37213.42,24127.17,27366.30,30118.72,20040.00,38805.47,42275.70,16353.89,16350.00,25628.38,21824.70,27236.10,42304.02,23167.72,22935.00,2810.46,37423.04,6379.32,25497.34,44639.00,29177.00,31063.16,27849.16,28656.29,28618.00,21541.27,4553.91,30836.59,27427.00,20191.49,27648.29,32461.64,15351.47
2016-05,2016,5,22.09,480.92,1.13,34.00,13.80,2023560.59,18404.00,22994.22,36053.21,35840.83,30732.22,30102.00,28110.38,21799.39,22540.24,21025.00,6519.00,31019.94,29054.56,40198.40,27423.59,32085.70,18303.80,37605.47,32355.99,19449.33,25914.00,21567.38,27376.13,17647.00,21147.25,33245.43,18397.57,2844.99,39412.13,15930.00,9047.48,14693.00,17581.86,26913.48,22689.94,13810.88,2884.00,7786.33,12034.00,23030.22,34582.61,24770.41,21470.37,11080.72,14528.87,15308.38,14119.35,21097.82,19931.70,35447.61,25719.78,40280.82,22334.77,26760.96,22407.38,23755.47,21612.17,37465.60,27799.48,19251.30,19778.72,23209.23,17784.00,28734.86,30701.85,12120.56,15247.00,18814.69,17343.84,21163.52,35983.20,17576.72,16353.00,2495.09,26667.74,5838.97,19578.24,32213.00,21469.00,29731.41,21956.46,20560.52,20177.00,15078.61,4136.61,22347.74,19281.00,15018.13,24147.74,24819.74,13610.94
2016-06,2016,6,19.50,444.91,1.16,30.50,9.70,1750089.56,15020.00,19684.10,33219.61,30049.01,25388.45,26574.62,24199.63,17891.31,20573.43,17853.17,5464.00,26145.86,24877.50,34582.63,23688.01,27901.72,15537.88,35082.53,27564.19,17108.42,21733.00,18506.16,22648.19,15418.00,17917.78,31181.39,13865.45,3052.38,35897.46,14829.00,8556.44,13167.00,15752.27,23031.93,18372.16,11992.47,2646.00,6966.70,10767.00,17446.71,29218.88,21880.00,19082.23,9920.15,13284.66,12426.60,12131.64,16868.80,16966.68,29769.40,20751.38,33824.57,18716.00,22869.21,21300.12,20394.01,17032.49,30457.17,24425.78,19176.35,17154.32,19902.81,16564.00,24633.92,24548.39,10838.72,15287.00,15998.67,15419.76,18647.27,32584.98,15431.32,13532.00,2361.81,22305.18,5655.70,15674.11,28212.00,19604.00,27857.72,18049.61,18221.23,17139.00,13252.30,3978.54,19668.77,16510.00,12425.81,22103.86,21178.85,11371.00
2016-07,2016,7,20.83,505.74,1.31,34.60,10.30,1913009.66,16837.00,21951.67,35951.52,32932.71,27982.78,28676.11,25863.73,19671.00,22564.30,19009.74,6254.00,28401.47,27775.56,38018.78,27213.10,30301.22,17125.68,37267.96,30217.11,18323.93,24274.00,20309.00,24925.15,17033.00,20083.27,35728.00,16528.30,3348.01,39036.93,15380.00,9274.72,15957.00,16675.90,25601.71,20069.86,11611.71,2816.00,7471.72,12187.00,21004.48,31905.98,23173.60,20466.83,10998.82,14264.84,12399.90,13394.04,18127.09,18546.17,32906.64,23143.40,34734.03,20924.21,25424.43,23720.94,22075.77,18725.00,33848.75,26351.17,20723.01,18275.46,21948.00,16940.00,26420.07,27634.95,11768.90,15964.00,17677.92,16202.00,20067.03,33758.92,16790.22,15965.00,2569.19,24336.67,5824.45,18433.25,31091.00,21723.00,28851.28,19451.95,19418.08,18973.00,14143.21,4044.27,21263.71,18301.00,14225.86,24488.78,22964.20,12774.00
2016-08,2016,8,21.71,633.71,1.54,36.00,10.80,1965543.91,17569.00,22031.14,35217.95,35211.19,29541.28,27398.00,26642.83,20752.00,22063.07,20036.00,6039.00,28561.82,28704.50,38960.36,28583.79,29453.68,17643.56,35440.80,34435.71,19324.18,26512.00,21210.81,26248.61,17472.00,21285.77,36610.88,16658.44,3297.00,40043.89,15920.00,8774.00,17785.00,16901.66,27885.00,20920.26,12426.55,2780.00,7848.99,12874.00,22077.15,32868.43,22245.72,21010.12,11768.85,14373.70,11254.94,14345.36,19992.46,18671.35,34648.09,23474.68,37853.77,21251.64,28145.00,24356.06,22324.80,17824.00,35490.91,27291.75,20908.90,19037.73,22027.00,17184.00,27976.95,29909.97,11669.32,16120.00,18935.75,15648.26,20498.12,32755.42,17251.68,10264.00,2614.40,27021.06,5504.74,17867.59,30858.00,22265.00,29161.02,21071.45,19793.21,19097.00,13609.00,4173.17,21483.95,19912.00,15901.47,26470.04,23660.38,13259.96
2016-09,2016,9,22.90,611.97,1.66,36.50,15.00,2034377.48,18339.00,22704.12,35674.95,36417.74,31187.81,29339.00,26297.05,21628.00,22725.88,21112.00,6328.00,31894.69,29755.58,41302.76,29654.84,30069.89,19042.25,38154.90,39688.28,18808.02,26847.00,21694.97,27007.81,17790.00,22430.82,37614.78,18321.45,2903.68,42039.32,16221.00,9740.00,16058.00,18634.58,28541.00,21233.25,12136.60,2725.00,8305.85,13059.00,23003.50,33585.55,22715.50,21136.59,11242.81,15108.93,12021.90,14736.39,19319.30,19643.28,36872.74,26237.18,39938.67,21885.00,27865.00,25963.66,23327.29,18290.00,39698.85,27147.16,20277.47,19757.60,22587.00,17424.00,28825.13,31122.46,11943.29,14994.00,19518.73,16950.91,21571.84,34123.48,17514.89,2407.00,2622.14,29334.05,5242.42,19464.52,33129.00,21758.00,29353.07,22419.49,20663.67,20144.00,15055.74,4076.84,22598.16,19684.00,19450.56,26456.44,25001.31,11667.23
2016-10,2016,10,24.05,684.12,1.70,38.40,15.40,2207007.28,19809.00,23594.72,37482.27,41225.98,36518.91,31378.31,29029.11,23723.00,23345.63,22098.00,7337.00,35122.88,33227.94,44927.97,29895.21,32013.86,20920.70,42072.16,41725.55,19759.16,28022.00,24139.94,29860.03,19059.00,25108.61,41228.51,19506.25,2175.31,47838.37,17169.00,10138.00,14698.00,20349.60,30823.00,23262.82,13935.87,2847.00,9068.50,14805.00,24580.00,35969.70,24243.24,22237.61,11971.95,16972.42,13472.57,16711.32,21406.87,21817.92,40855.09,29758.06,44519.98,24215.00,30852.00,28702.56,25845.69,20920.00,45099.94,28629.36,20736.00,22375.78,24514.01,18495.00,29981.66,33378.05,13954.21,15681.00,21726.21,17597.69,24380.25,34795.82,18600.06,4270.00,2690.31,32528.00,6162.96,19570.94,35603.00,23577.00,31666.33,24184.75,22455.87,22351.00,16172.61,4326.38,24295.14,21293.00,21663.12,28218.27,26904.16,9017.00
2016-11,2016,11,24.70,798.31,1.65,36.90,15.10,2231614.71,20380.00,24454.22,38095.25,42576.87,36685.38,30305.20,29237.36,23497.00,25113.75,23853.00,7149.00,35829.12,34343.95,46232.96,24923.80,29108.99,20358.54,44253.14,38762.85,17280.50,27958.00,24369.25,30106.88,19131.00,25889.70,40904.71,21619.17,3534.91,50059.03,16675.00,10580.00,15180.00,20552.48,31678.00,23861.81,13095.25,2913.00,8867.64,14564.00,24799.02,37858.87,24635.64,22559.75,12064.68,18064.39,16741.87,16442.37,21526.22,21488.61,41248.82,26994.83,42530.70,22494.00,31230.00,28027.63,26834.06,20980.00,45708.60,28567.75,24956.00,22080.74,24453.45,18079.00,31490.66,34788.16,13768.87,14460.00,22129.55,17911.74,25052.16,36365.99,19012.37,15358.00,2512.43,30727.87,5925.85,18517.48,36102.00,23859.00,30404.10,25280.23,23800.09,22611.00,15871.18,4151.37,25281.18,21316.00,18309.33,25547.96,29244.77,11897.00
2016-12,2016,12,26.74,934.17,1.54,39.10,18.10,2625004.46,24741.00,28363.78,47084.43,48633.40,43436.86,37488.33,37434.58,29286.00,28953.93,26822.00,7962.00,41092.86,41445.76,55251.58,28692.73,32390.82,24224.19,52488.49,45457.60,15619.62,34725.00,30649.25,35599.90,24383.00,31307.90,46794.10,24374.54,3768.21,56120.95,18481.00,11080.00,19089.00,24843.44,38301.00,28716.10,15792.44,3151.00,10046.91,16986.64,29722.18,46027.95,28186.91,27839.87,14771.06,21403.90,17735.62,19716.10,25254.39,26070.63,49554.01,31642.45,53309.08,27486.00,38130.00,35037.56,32327.44,28130.00,51634.65,36610.74,26935.04,25396.96,30535.20,20191.00,37117.28,39772.88,16200.47,16050.00,26037.15,19695.56,28543.63,40692.23,23519.79,19300.00,2814.02,36879.78,6289.52,24053.89,43166.00,27552.00,32601.01,27640.71,26731.88,27331.00,20723.00,4280.70,28509.02,25293.00,20742.93,27775.35,33438.10,13412.00
2017-01,2017,1,28.29,972.57,1.61,37.50,21.90,2965713.85,27383.00,34248.45,49916.59,53484.14,50147.26,45135.00,46324.02,35214.00,31733.22,31028.00,9214.00,46585.86,45157.79,61532.51,33245.46,35536.85,26709.19,57733.33,51027.49,16622.55,38652.00,35283.00,40500.35,30953.00,33088.30,52897.39,29391.65,4037.67,62370.36,18909.00,12320.00,20217.00,28722.86,40868.00,33431.02,17701.11,3379.00,10622.26,19452.95,33048.02,52468.30,33102.65,33451.29,17920.66,24611.15,21287.74,22465.46,28884.32,30529.07,54082.65,34966.37,50101.02,33427.00,43076.00,40007.38,34877.39,33693.00,61998.35,45824.54,29460.22,30546.11,36151.03,20318.00,42325.08,46913.79,19996.13,16981.00,28770.84,22485.45,31709.88,46687.04,28727.00,21590.00,2980.18,40415.01,6258.10,26288.00,48273.00,28623.00,34050.65,31379.21,30026.26,30369.00,24229.65,4669.44,32371.71,29526.00,23855.41,27907.35,34064.30,15474.00
2017-02,2017,2,28.27,956.91,1.62,37.70,21.70,2657038.50,24360.00,30446.08,41878.65,49728.64,45912.38,37866.00,38557.14,30546.00,27995.35,25777.00,8508.00,44779.52,41422.53,57302.34,27830.94,31552.81,24980.64,52684.75,45771.37,17276.78,35340.00,30598.38,37925.66,23925.00,30339.20,46652.75,25242.67,4279.20,55620.89,17852.00,11150.00,17534.00,25695.49,39794.00,29202.77,15533.48,2926.00,9779.74,17686.00,26605.00,45348.01,29335.79,26373.69,14071.99,21990.79,18539.61,19532.25,26040.04,27653.13,51182.33,32060.10,49868.85,30456.00,39770.00,36057.35,33963.59,28065.00,58451.00,34979.38,26195.23,25392.22,30842.62,19304.00,38090.42,41858.92,17528.09,15756.00,25269.32,20088.78,31461.09,39662.08,24092.12,19647.00,2668.25,35944.80,6077.52,24443.42,44153.00,27334.00,31239.94,30164.46,27192.31,27261.00,20963.16,4283.24,30535.62,25810.00,22417.36,27332.30,31301.70,13014.00
2017-03,2017,3,26.21,771.76,1.52,36.90,18.30,2684162.18,26033.00,30092.76,44314.79,49878.15,45162.88,39102.00,38833.26,29915.00,28469.57,26485.00,8398.00,42467.90,41502.02,54675.06,29758.83,32982.09,25546.31,52396.95,46340.40,18382.25,35238.00,29214.56,37875.90,24107.00,30215.01,46729.20,27110.65,4157.33,55732.24,18951.00,12060.00,18070.00,25940.48,38299.00,28033.78,16727.64,3391.00,9997.14,17531.00,29254.00,48496.92,29699.88,27520.84,14097.64,21280.00,19899.90,20243.35,27107.25,27317.24,50765.59,32404.49,51131.06,30452.00,37889.00,34924.87,34447.13,28823.00,57926.00,35874.15,26170.75,25348.67,31380.96,20572.00,38316.16,41378.98,17987.98,16256.00,26080.35,21823.76,29774.41,43051.17,24614.99,19781.00,2834.83,36013.02,6470.47,23354.43,43049.00,26440.00,33878.77,29781.46,27465.09,26249.00,19742.32,4319.66,30197.92,26730.00,21687.76,28276.55,32896.12,14951.00
2017-04,2017,4,24.00,612.21,1.36,35.10,17.30,2192440.66,19720.00,24214.13,37251.92,40247.03,35986.62,31224.00,31160.34,23289.00,23853.04,21478.00,7110.00,33331.49,33344.19,44642.70,25217.61,26850.22,20511.91,38368.69,37507.67,16087.13,28743.00,23897.00,30887.68,19391.00,25305.17,39129.31,21279.80,4254.26,46563.28,16249.00,10050.00,16211.00,20950.19,31264.00,22683.23,13851.54,3276.00,8621.06,14378.00,25560.00,37768.56,23403.48,22736.41,11781.85,16563.66,16707.90,16957.81,22574.24,21657.80,40348.13,26201.78,42181.39,24693.00,30359.00,28667.94,26163.92,22820.00,43073.56,29369.23,20531.42,22086.02,25013.22,18128.00,29619.56,32916.45,13481.93,14332.00,21264.81,17832.48,24474.41,34694.21,19456.25,16492.00,2605.32,29844.67,5669.20,21540.64,34338.00,23128.00,32018.11,26780.03,22598.08,22204.00,15441.56,4155.30,24615.97,22917.00,17168.14,24497.76,26935.02,12181.00
2017-05,2017,5,21.82,516.63,1.14,32.40,14.50,2015376.96,18218.00,23069.29,35620.03,35560.26,31628.42,29196.00,28705.12,21062.00,22767.12,20327.00,6571.00,29584.16,29930.21,39445.90,27181.38,28844.51,18413.55,37801.35,33873.41,17263.50,25809.00,21977.19,27715.10,17876.00,22591.73,34652.00,19453.75,4372.26,45384.14,15784.00,9580.00,15717.99,18916.50,28707.00,19890.17,13071.44,3330.00,8010.22,12882.00,22703.00,34857.02,24512.49,20944.19,10850.83,15199.00,14435.65,15014.49,18847.04,19786.81,35716.70,24078.51,37411.25,20767.00,27260.00,25785.91,23697.01,18880.00,39311.00,26156.00,19816.22,19449.34,23434.00,17059.00,27262.81,29537.73,12430.16,14064.00,19114.30,17603.21,23507.75,33586.01,16362.21,14622.00,2231.40,26624.26,5640.61,20149.50,32233.00,23850.00,30710.80,20827.69,20502.00,18896.00,14167.78,4013.79,21733.44,19417.00,15254.96,24662.71,25302.07,9630.00
2017-06,2017,6,21.20,480.17,0.99,33.90,11.60,1890277.75,16785.00,21258.46,33461.19,33644.82,28729.98,27791.00,26285.77,19722.00,21268.76,18835.00,6358.00,27944.93,28254.94,38485.73,26244.91,27094.09,17221.49,36219.54,32165.14,17220.39,24262.00,19610.31,25877.54,16861.00,21160.74,32521.45,17569.06,3795.74,40155.81,15067.00,8710.00,14508.28,17813.44,26303.00,18469.54,12177.56,2825.00,7706.64,12206.00,20557.00,32104.35,22068.60,19599.22,10161.45,14317.00,13219.10,13997.65,18416.80,18770.00,33370.96,20772.19,37642.16,20001.00,26395.00,24518.75,22826.82,17410.00,37305.60,24307.55,17831.71,17672.32,22399.03,16517.00,25028.76,27957.18,11709.32,13906.00,17668.17,16392.20,21416.44,29745.38,16726.43,13656.00,2456.80,24735.90,5459.60,18868.42,30406.00,22217.00,29627.97,19155.36,19263.87,18937.00,13177.00,4049.97,20852.61,17420.00,14326.77,24046.32,23698.47,8823.00
2017-07,2017,7,19.79,554.11,1.14,29.60,12.30,1814186.52,16275.00,20325.07,31757.49,32130.64,27762.18,26549.54,25695.05,18974.00,20086.05,17931.00,6323.00,27421.66,27452.40,35598.27,22341.26,26042.28,16483.65,34453.86,30324.05,17694.52,22950.00,19360.50,24809.95,16255.00,20142.54,32930.45,15982.33,3878.96,40945.10,15026.00,8349.00,14141.00,16391.94,24981.00,18650.56,11776.00,2794.00,7557.78,11617.00,19617.00,30776.06,20875.02,18343.03,10005.09,13816.68,15401.72,13341.22,18468.90,17364.14,32105.24,19830.10,34551.84,19221.00,25148.00,22572.60,23838.32,16840.00,35683.51,23966.20,17839.65,14699.46,21450.11,15884.00,23023.21,26591.45,11121.69,14656.00,16933.57,14222.53,19936.44,28475.10,16153.99,13004.00,2548.18,23436.03,5615.47,18075.14,28394.00,20347.00,30584.38,19863.93,17969.16,17875.00,12767.77,4056.92,19448.80,16184.00,13904.90,24184.66,22532.66,7264.00
2017-08,2017,8,20.23,534.72,1.40,35.00,11.40,1846414.71,15651.00,20620.66,30683.45,32403.07,27784.58,27070.91,26166.04,19297.00,20702.27,18082.00,6201.00,27050.78,27461.50,35844.51,23001.98,26176.84,16621.70,35840.39,30561.99,18573.71,23599.00,18934.63,25357.09,16738.00,20629.86,33970.67,14971.55,4653.00,39184.58,15440.00,8703.00,13860.00,16837.63,25120.00,18793.50,11866.90,2870.00,7781.90,11866.00,20156.00,31569.22,21339.67,19119.28,10024.52,13987.31,15774.95,13650.36,18522.85,17859.98,32404.66,19933.58,35701.86,19374.00,25743.00,22776.66,24702.73,18090.00,36407.10,24239.81,18240.26,16045.09,21598.15,16380.00,24017.70,26981.17,11263.63,15152.00,17138.34,14481.26,20052.28,29518.66,16588.24,13158.00,2638.62,24190.91,5870.13,18436.10,28968.00,19524.98,30953.33,20006.62,18435.60,18043.00,13214.38,2828.20,20337.92,16053.00,14220.11,25688.45,23064.88,11975.00
2017-09,2017,9,23.36,862.99,1.48,37.00,12.70,2088792.64,19544.00,23356.75,33300.71,39677.72,33519.49,28911.00,25865.16,22142.00,21558.33,21650.00,7113.00,30566.40,31484.54,44111.04,22925.02,28874.40,20120.16,41196.76,35802.31,19230.22,28420.00,20778.75,30450.50,17306.00,24279.26,37793.71,17988.76,5156.40,43944.35,16517.00,9445.00,15241.00,18731.42,30679.00,21309.86,12554.24,2919.00,8625.44,13400.00,20848.00,36840.77,22108.12,19347.12,10311.87,16250.59,15703.09,16295.54,20677.84,21019.67,39516.57,23381.14,40183.26,23268.00,30426.00,27531.86,29014.14,21830.00,38733.81,24674.42,21572.99,18970.43,22762.16,17304.00,27455.73,32333.94,12040.74,16412.00,19059.04,14982.50,23523.16,31984.93,17427.86,16280.00,2813.87,29387.97,5816.81,20159.49,33309.00,22648.00,31805.78,21998.90,20697.40,21385.00,14887.41,3673.60,23106.59,19181.00,17460.13,27660.93,26587.78,12599.00
2017-10,2017,10,25.02,694.76,1.67,37.50,16.50,2323716.65,20718.00,26303.12,35095.23,44218.98,37855.42,31665.00,28853.04,25284.00,23414.84,23376.00,7204.00,34192.70,35080.67,49137.15,26266.06,32475.98,22866.59,44285.66,39596.57,21172.38,31529.00,24865.44,34009.02,18682.38,26558.00,40323.31,20593.24,5582.44,49771.60,18050.00,10205.00,16574.00,21128.86,33908.00,24299.49,14039.61,3268.00,10022.24,14836.00,23291.00,40134.27,24359.63,21558.91,11182.53,18390.88,16931.45,17757.01,23046.81,23348.80,44137.94,25142.14,47487.72,25626.00,33045.00,31126.11,32885.27,24500.00,43661.53,27043.44,26888.00,21379.90,26174.92,19382.00,30527.24,36221.73,13491.75,16174.00,19514.17,18172.88,25188.84,35843.04,19892.99,18094.00,2915.18,33447.04,6336.23,20572.36,37484.00,25813.00,34664.32,26226.10,21520.55,23662.00,16930.03,4476.82,26781.73,22077.00,19469.90,30669.56,29754.26,13777.00
2017-11,2017,11,24.92,791.80,1.73,38.60,15.90,2239351.83,19796.00,24656.10,35096.07,42545.77,36131.97,31233.00,28186.83,23921.00,22820.18,22324.00,7275.00,35288.61,33792.74,47691.62,24261.59,29291.61,21801.22,42796.62,38625.74,18088.15,30369.00,24720.63,32431.04,18774.13,25597.87,42247.81,19766.76,5429.21,46138.55,17236.00,9600.00,16564.00,20637.98,32710.00,23608.83,13640.70,3057.00,9607.63,14133.00,23786.00,39434.82,24043.32,21867.22,11245.63,17232.00,16554.86,17228.00,23197.82,22297.83,41874.85,24492.88,43453.31,24522.00,31650.00,29362.45,31368.64,20992.00,41293.08,27100.10,25818.75,20576.54,26165.00,17295.00,29240.61,34392.45,13266.41,16510.00,17883.70,17407.52,24950.12,33603.64,19471.37,16753.00,2663.98,32593.09,6069.30,21136.13,35843.00,24954.00,32807.81,25221.41,21941.25,22964.00,16294.35,4298.61,25048.61,21904.00,18746.67,26747.02,28576.59,13249.00
2017-12,2017,12,26.01,787.92,1.42,37.10,19.50,2511592.86,23702.00,27761.64,40819.51,47713.07,41278.21,34753.00,32451.90,27868.00,25411.57,25138.00,7886.00,39676.77,37257.18,54762.30,26690.67,31600.54,24260.57,47722.16,43405.06,18870.25,33594.00,27600.00,36118.78,21804.00,29086.56,46774.22,22349.50,6040.31,52893.40,18577.00,10000.00,18787.00,23354.36,37053.00,27400.22,15057.31,3334.00,10559.92,16287.00,27093.00,44764.22,26474.65,25138.06,12493.38,19906.61,17184.88,20535.23,25158.44,25124.17,48026.78,27706.10,50593.33,27937.00,35520.00,33255.38,35758.90,23402.00,46510.69,31607.61,25229.38,23197.31,30048.14,19140.00,33063.14,39100.30,15085.06,16473.00,25121.18,18398.52,27615.44,36287.75,22435.91,18791.00,2850.56,37262.08,6480.03,23738.75,40034.00,28494.00,34369.82,27418.09,25770.64,25665.00,18244.00,4540.74,27419.30,24425.00,21740.93,29958.09,32419.12,13093.00
2018-01,2018,1,27.07,844.74,1.50,37.50,21.00,2715562.40,25529.00,31946.28,45053.49,47761.98,44629.89,38583.00,37219.72,30348.00,27954.94,27027.00,9420.00,43744.42,40840.38,57801.70,30003.42,34455.19,26058.88,51436.65,45688.07,16750.29,36099.00,28667.22,38443.26,25613.00,30926.62,48398.63,24507.23,4804.87,58436.45,18673.00,10910.00,20741.00,25128.67,39445.00,28947.94,16962.91,3386.00,11049.34,17398.00,32188.96,49288.48,29808.74,28227.00,14880.98,20742.56,19088.89,22433.40,27845.75,26814.39,50948.70,30921.31,53330.30,30026.00,39092.00,36492.33,38099.18,25510.00,55067.96,38068.97,29082.84,24740.64,34442.28,18807.00,36944.59,41098.86,17380.72,17243.00,27037.75,21331.29,30576.91,41345.78,25220.21,20315.00,2977.64,38540.03,6061.72,21540.48,44970.00,29495.00,34914.72,29202.48,25979.48,25979.48,20084.00,4811.58,30967.68,25865.00,22853.23,27761.24,33700.45,15214.00
2018-02,2018,2,26.05,779.29,1.36,36.30,19.80,2293122.88,20546.00,25777.58,38108.14,40001.85,36470.78,33040.00,31923.59,25229.00,23827.14,22001.00,9377.00,37030.88,35137.70,47289.70,23760.09,28653.91,22094.20,40637.89,38478.82,14850.14,31293.00,23813.00,32742.02,22016.00,25731.26,39590.11,19505.98,4295.41,49663.91,16403.00,8630.00,16677.00,20398.88,33481.00,24077.06,14856.97,2911.00,10112.13,15082.00,30180.00,42210.43,25332.60,25084.50,13014.54,17962.76,17075.96,19166.26,24945.04,22890.41,42404.55,25276.26,45477.60,25253.00,33167.00,29378.33,30184.81,22660.00,40726.35,33027.81,25354.50,20620.61,28664.42,16635.00,30889.77,34974.31,16643.57,14965.00,22600.68,17606.00,24807.41,34797.07,21964.67,18081.00,2567.79,32313.57,5716.61,18403.64,37595.00,25593.00,31368.24,25017.94,22992.45,22666.00,17027.00,4129.27,25731.71,21192.00,19019.41,23779.79,28140.92,12668.00
2018-03,2018,3,27.15,773.37,1.23,36.10,20.90,2839642.22,26317.00,31452.37,47555.47,51953.67,46435.07,40534.00,39083.96,32138.00,27939.95,27840.00,9914.00,46085.82,43684.26,60384.54,29012.89,34767.72,28023.95,51469.91,48199.12,17656.54,37384.00,30420.00,40502.53,27222.00,31772.80,52083.74,24907.62,5555.07,61139.18,20028.00,11890.00,19905.00,26432.80,42526.00,30884.45,17299.19,3344.00,11494.35,18522.00,33138.16,53446.53,31134.39,28857.22,14779.35,22526.45,20594.04,23482.92,29388.35,28676.19,53688.99,31435.41,56296.73,32941.00,42939.00,37620.33,40730.84,25620.00,53779.90,38594.46,30068.86,26419.65,35023.69,20168.00,38850.50,43763.25,20465.26,17294.00,27625.05,21804.29,33158.81,41274.47,25048.84,21979.00,2935.32,39680.67,6793.74,22326.43,45313.00,31166.00,35524.58,30793.70,28625.42,28717.00,20619.00,4851.43,32029.95,29638.00,23350.54,28107.14,35883.56,14828.00
2018-04,2018,4,24.70,694.46,1.08,34.30,16.40,2385316.33,22042.00,26392.07,36966.39,44712.39,38711.36,32843.00,30756.80,26244.00,25003.94,24158.00,8837.00,37534.85,35838.27,50425.02,25620.69,30454.97,23053.59,44901.13,40694.08,17460.83,30850.00,24807.00,33761.92,20905.00,27106.50,42741.03,19128.46,5146.17,52078.46,17262.00,10290.00,16458.00,21963.74,35522.00,25319.39,14352.92,2905.00,9862.06,15591.00,25689.43,43719.14,25705.68,23527.53,12130.79,18217.88,17128.44,19725.32,24183.44,23409.00,45693.81,27866.11,46954.03,27069.00,36038.00,31966.62,33632.75,22540.00,47828.50,30572.92,21852.54,22446.08,28924.06,17838.00,31740.46,36787.63,16510.83,15154.00,23386.81,19320.09,26567.41,35506.70,20720.16,18652.00,2663.57,32984.83,6171.29,23136.72,38644.00,26392.00,32035.04,27912.17,24273.88,24235.00,16678.00,3741.78,25691.55,22990.00,19673.95,26360.33,30692.44,13020.00
2018-05,2018,5,22.39,581.68,1.13,33.20,11.60,2111505.01,18976.00,23575.11,31735.33,39167.06,33493.06,29513.00,28194.46,23053.00,22761.33,21348.00,8333.00,31483.62,31321.09,43022.14,23589.09,28430.53,19776.81,40003.01,35331.79,17211.55,27470.00,22697.00,29470.14,18243.00,23735.62,39831.87,17192.58,4354.17,45462.36,16386.00,9000.00,15963.00,19735.81,30716.00,21983.90,12578.41,2780.00,9216.43,13645.00,23212.00,38334.14,23395.95,21072.13,10736.13,15977.77,16856.52,16735.12,21395.56,20591.47,39434.68,22972.67,42160.81,23887.00,30222.00,27803.91,29341.37,20892.00,40238.14,26851.43,22466.37,19957.79,25443.34,17496.00,27641.28,32128.94,14756.37,14723.00,20581.07,17616.83,23402.53,33382.33,17676.17,16496.00,2501.00,29091.65,5534.07,18802.03,33104.00,22926.00,29804.26,23694.07,21716.71,20399.00,14512.00,4270.02,22915.81,19489.00,15600.35,24762.71,27037.60,12023.00
2018-06,2018,6,21.55,429.84,0.98,32.90,14.60,1897700.46,16910.00,20898.18,30047.84,34215.85,28943.49,26759.00,25666.45,21223.00,20409.99,19094.00,8664.00,27691.87,27763.01,38652.37,21129.37,27135.72,18096.35,36273.98,30810.58,17172.82,24442.00,21545.00,26122.05,15920.00,21373.76,37181.38,14738.43,4849.60,40502.53,15440.00,8225.00,14481.00,17537.28,26763.00,19159.33,11843.21,2694.00,8347.63,12047.00,20573.00,33524.35,21190.87,19259.22,10028.04,14010.49,15845.30,14243.42,19430.56,18295.97,33798.35,20124.99,37577.94,20663.00,25884.00,24030.21,25658.75,18260.00,35137.53,24211.24,24056.70,17372.83,22886.56,16289.00,25016.99,27610.49,13023.01,15270.00,18340.81,15409.54,21616.72,30725.15,15998.44,13577.00,2437.35,24912.64,5350.11,16056.96,29114.00,21134.00,29649.62,19797.71,19195.17,17953.00,13245.00,4338.93,19903.84,17684.00,14501.50,24196.85,23564.74,12119.00
2018-07,2018,7,21.55,501.42,1.10,32.90,11.90,1996712.60,18191.00,21485.27,33440.53,37190.14,30698.94,27834.00,26019.99,21882.00,21341.74,18762.00,8308.00,30724.35,28643.55,41037.94,22314.21,28232.43,19113.37,38455.77,32723.60,18097.71,25549.00,23972.00,28342.08,16669.00,22903.39,39149.42,17026.05,4874.65,42415.27,15741.00,8576.00,14986.00,18067.90,28268.00,20393.34,12735.46,2808.00,8879.39,12459.00,21322.00,34614.16,21906.69,19921.00,10538.20,14958.46,16517.31,16028.40,19761.78,18698.94,36238.19,21369.70,38496.28,21328.00,27142.00,25786.16,27441.37,16940.00,37406.68,25337.55,24354.11,17713.28,23461.08,16503.00,26096.45,28837.02,12919.13,16059.00,19266.98,16144.34,22153.35,32142.66,16921.90,14549.00,2561.74,26762.50,5611.96,15502.85,30159.00,22047.00,31987.65,22918.81,20366.61,19445.00,13779.00,4294.09,20756.58,18294.00,15650.27,25834.29,25922.81,12778.00
2018-08,2018,8,20.78,474.70,1.22,33.10,13.10,1890635.52,16704.00,19589.45,33191.49,33789.42,28174.02,26794.00,24778.71,19985.00,21475.42,18709.00,8428.00,28765.41,27224.05,36887.74,21394.41,28303.19,17309.81,37145.30,30686.45,18241.00,24005.00,21476.00,26332.80,16224.00,21409.73,37919.90,16498.71,4837.57,39897.32,15854.00,8492.00,14421.00,17154.05,25566.00,19071.49,11620.56,3019.00,8686.37,11873.00,21370.00,33429.92,21239.10,18613.12,9476.92,13607.00,16255.56,15070.42,18763.06,17866.34,33763.22,19914.85,37239.69,20264.00,25302.00,23515.64,25360.71,16020.00,37146.84,23888.93,21312.83,15635.55,22306.22,17088.00,25410.31,26766.95,11283.45,17071.00,18454.76,15806.27,21042.69,31585.79,15643.67,14301.00,2272.59,25001.47,5674.97,17857.06,28277.00,20385.00,31951.86,19213.54,18168.14,16642.00,13225.00,3927.89,18780.51,16983.00,14740.83,25734.22,23348.32,11889.00
2018-09,2018,9,23.28,693.93,1.63,35.10,13.20,2042678.35,18328.00,22245.08,33520.38,38730.46,32177.22,27357.00,26076.26,22064.00,21086.50,19887.00,8852.00,31638.69,30633.82,42391.07,21253.06,27877.68,19397.99,37608.55,34433.50,18803.06,26265.00,23461.00,29728.00,16977.00,23750.02,40991.11,17657.15,5202.71,43174.09,16134.00,8887.00,15011.00,16626.37,29765.00,22715.65,12413.26,2821.00,9216.58,12960.00,22249.00,35749.66,21367.61,19502.14,10393.05,15342.44,16213.00,16683.92,20265.86,19735.63,38483.13,21316.10,40504.69,22498.00,28024.00,26479.84,28255.37,17260.00,40501.21,24807.53,22816.45,18022.18,24370.78,17660.00,26713.97,29753.09,12935.81,15920.00,20246.78,15820.56,23292.00,30931.11,16629.30,16838.00,2511.05,28815.87,6046.85,16986.37,29928.00,22864.00,31689.26,24209.66,20791.79,18399.00,13767.00,4667.30,21317.47,19009.00,16771.26,26588.97,25290.85,12347.00
2018-10,2018,10,24.06,577.69,1.43,37.30,14.90,2209803.46,19146.00,24560.23,35293.85,40417.09,34836.61,30123.00,28751.64,24156.00,23120.19,21862.00,9474.00,34397.06,32172.10,45055.58,25282.70,30183.82,23742.38,39758.61,37354.85,18770.16,28019.00,25939.00,30782.21,18545.00,25281.25,42127.91,20564.98,5422.02,46971.62,16207.00,10030.00,16628.00,15916.03,31290.00,26839.04,13878.05,3141.00,10062.67,13978.00,24232.00,40878.40,23998.38,20982.34,11206.45,16502.94,17296.79,18005.20,23094.10,21671.50,40690.70,22497.37,45484.39,23838.00,30803.00,28752.74,29911.08,18980.00,43794.50,27327.03,23992.26,20354.18,26915.10,18073.00,29353.03,34242.37,13585.54,17252.00,21792.53,17779.94,24012.88,34290.10,18432.46,16430.00,2650.07,30619.97,4946.34,19109.18,34545.00,24504.00,34479.84,24453.34,21710.79,19503.00,15010.00,4597.72,23234.21,21487.00,18826.85,27859.91,28030.30,13474.00
2018-11,2018,11,25.05,694.80,1.68,36.20,17.60,2259073.74,20626.00,25094.22,34658.95,43222.05,36206.27,30478.00,28536.85,24661.00,23077.70,23037.00,8867.00,34355.52,33836.00,47654.62,24163.92,30027.06,22356.58,40760.53,39657.89,18313.90,29423.48,25888.00,31687.42,18499.00,26197.76,43304.10,20715.78,5631.11,49211.63,16621.00,9870.00,16882.00,20925.70,31221.00,24278.44,13967.40,3909.00,10239.36,14596.00,24582.00,41248.34,24621.59,21195.60,11235.84,16839.31,16148.05,18685.30,22522.50,22136.56,42342.18,24626.82,48327.76,25801.00,32716.00,28151.81,30430.85,19770.00,46524.23,26987.01,24265.79,20535.90,26838.14,17983.00,29696.88,34493.36,13916.94,14771.00,22674.23,17403.61,24223.94,33880.87,18831.21,16822.00,957.66,32385.42,5801.91,19977.79,35816.00,26619.00,33615.81,25803.30,23216.42,21498.00,16329.00,4794.72,26917.28,20969.00,19644.61,25658.91,27956.61,13057.00
2018-12,2018,12,26.86,888.14,1.58,38.90,15.00,2681920.09,24877.00,30991.96,41555.21,50055.76,45576.96,36063.00,36140.61,30516.00,26067.07,24437.00,8727.00,40895.94,41464.90,57643.55,27305.60,33917.68,26658.59,49442.61,46721.12,19912.74,36358.00,30669.00,39603.52,23240.00,31198.18,48792.00,24366.25,5865.06,59455.01,18733.00,10720.00,18461.00,24045.57,38736.00,28622.56,16731.42,3492.00,11516.22,18049.00,31678.00,49069.32,28851.33,26565.34,13527.00,20751.68,17321.22,22600.34,26695.24,27128.75,51661.27,29514.26,53813.90,31287.00,40467.00,35815.97,36750.10,26170.00,56311.62,34378.29,28258.05,24330.21,33475.44,19643.00,35741.53,41756.88,18243.87,16713.00,27310.50,19131.08,30559.94,36423.94,23300.02,20387.00,2721.28,38600.83,6100.28,22362.66,42281.00,31167.00,35132.94,27990.56,27616.73,25389.00,20292.00,5050.88,31873.79,25823.00,23156.26,30081.53,32988.42,14023.00
2019-01,2019,1,29.58,1052.72,1.56,38.60,20.80,3176962.10,29507.00,38052.95,49027.76,57622.38,53985.28,44099.00,44410.99,36453.00,31450.70,30687.00,11950.00,49958.85,49229.44,67089.41,33174.95,37167.96,30525.29,59884.44,52814.40,20269.26,43415.00,38707.00,46638.46,28835.00,36842.43,58088.06,28885.51,7168.15,71256.64,20277.00,11720.00,22629.00,29408.29,47510.00,34476.96,19600.63,3667.00,13104.02,20737.00,37067.00,58523.17,34890.58,31925.78,16395.34,25366.63,20575.08,26740.57,32223.95,31915.10,60268.86,34117.16,62006.96,37301.00,48451.00,42096.15,45866.64,31560.00,66155.48,42657.25,31754.43,29056.51,41206.22,21040.00,43816.17,50573.84,22563.93,18701.00,32391.99,24072.67,34796.06,44799.87,27299.78,24320.00,3103.34,45145.22,6100.81,27170.27,51930.00,35389.00,39459.44,33330.83,32681.18,28540.00,25464.00,5255.75,34776.51,32688.00,27216.90,34068.06,38883.98,12581.00
2019-02,2019,2,27.38,780.53,1.43,38.60,20.60,2569963.43,23746.00,29631.03,39702.50,46772.21,43179.26,36245.00,35313.10,27974.00,25703.24,24502.00,9980.00,38881.60,38119.57,51912.29,31386.53,32423.80,25558.04,47680.56,44281.37,18029.51,34941.00,30727.00,37959.68,23580.00,28673.06,41931.71,22592.59,5712.53,55898.45,17583.00,10150.00,19802.00,23987.26,38278.00,27391.90,15762.36,3174.00,11015.71,16474.00,30816.00,47000.06,27570.22,25916.71,13945.64,19767.30,14543.21,21463.87,25430.27,25853.50,48023.37,26158.69,52263.36,31102.00,39034.00,32370.20,36194.76,25635.00,54189.99,34724.85,35174.66,24460.29,33171.46,18706.00,35284.98,41025.19,18154.17,16414.00,25461.31,20856.57,26934.44,38124.49,20933.00,19305.05,2627.01,36472.19,5650.91,19713.80,39501.00,28019.00,34342.69,27246.54,26410.52,23727.00,19940.00,4514.32,28910.50,26150.00,21972.38,26514.66,31842.00,13034.00
2019-03,2019,3,26.52,720.98,1.22,36.60,19.10,2685026.77,23868.00,30378.56,43349.26,48361.68,45425.47,37861.00,38172.03,28926.00,27688.86,23797.00,10572.00,40668.22,40039.99,54707.65,29228.00,33138.29,26646.59,49399.84,44383.47,17152.13,36916.00,32306.00,39341.44,26006.26,30346.75,43341.00,24164.64,6345.47,60113.56,17601.00,10510.00,21348.00,24025.06,38132.00,30111.58,16186.38,3399.00,11678.64,17909.00,34864.00,48598.23,31164.82,27177.06,15088.36,20690.40,17462.72,22875.55,26985.46,26811.38,49388.55,29560.77,54393.00,33271.00,39687.00,35668.78,36612.89,26110.00,55086.91,37443.19,26071.62,25626.56,34591.14,20456.00,35896.12,42320.94,19432.49,17182.00,26546.44,20616.96,30156.25,38541.20,22027.24,18828.74,2811.13,40234.43,6205.16,23167.87,42037.00,28712.00,36975.68,27000.39,27682.94,24154.00,20554.00,5222.19,30767.52,27935.00,23312.06,26164.16,31925.04,13998.00
2019-04,2019,4,25.92,709.91,1.24,36.10,17.60,2509345.53,22631.00,27797.00,43416.26,45498.00,42045.06,34658.00,34168.66,25915.00,25632.04,23419.00,8606.00,38912.00,35842.33,50731.42,25280.10,31860.15,24461.95,49370.22,42185.25,17408.08,34309.00,30933.00,36207.55,22809.50,27907.51,39579.00,23281.65,6037.82,57031.34,17279.00,10370.00,23137.00,21029.66,37969.00,28721.18,14874.29,3171.00,11064.96,16450.00,31051.00,45810.99,29241.45,25876.81,13492.94,18809.44,18721.60,21131.77,25877.21,25243.28,47817.10,27500.83,51745.63,31228.00,36952.00,32352.22,34685.40,21536.00,49011.28,33437.32,25964.80,24942.46,30842.78,18168.00,32988.72,39415.60,17538.31,16381.00,25355.23,19892.34,25950.44,37053.77,19137.52,17752.00,2763.35,35275.20,5508.66,21010.50,41330.00,27557.00,35074.43,25802.54,25850.49,21571.00,18159.00,5119.01,27521.25,25917.00,22397.15,27464.66,31661.13,14206.00
2019-05,2019,5,24.19,545.23,0.98,33.40,16.40,2337971.74,21039.00,25732.00,40849.05,45414.00,38204.61,31848.00,30874.05,22776.00,23917.16,21027.00,9955.00,36590.59,34798.56,46183.55,24493.37,30221.86,24103.74,45047.16,40219.34,17121.03,30319.00,28087.00,32937.34,21561.14,25124.37,40047.62,21892.04,5457.72,50993.27,16827.00,10250.00,18992.00,21664.29,34479.00,24286.46,14395.95,3040.00,10397.44,15325.00,28478.00,42250.80,27490.78,23610.41,12700.02,17124.26,18640.61,19754.87,23347.74,22725.10,40940.66,24579.38,46648.74,28921.00,35131.00,31022.28,31612.10,22170.00,46166.11,27972.07,30484.03,23969.41,29073.44,17741.00,30733.15,36389.60,15816.41,16227.00,23726.87,19871.42,26141.38,36645.33,17239.37,17442.00,2689.23,32166.27,5977.37,20710.91,35935.00,25181.00,35391.30,25463.23,23191.49,21000.00,16686.00,5250.14,24748.19,23303.00,20207.04,25960.79,29170.08,14079.00
2019-06,2019,6,22.30,525.61,0.92,33.20,14.10,2002866.05,17788.00,21202.00,35118.20,38168.00,31330.05,27897.00,26474.83,20311.00,21777.36,18468.00,8493.00,31047.62,29645.94,40610.78,21070.58,25325.90,19487.31,35296.16,33487.60,16480.59,24878.00,23937.00,28747.84,17430.87,21630.27,36107.91,18708.76,4829.16,43149.46,15082.00,8760.00,16590.00,18098.21,29648.00,20878.40,11646.44,2727.00,8905.89,13308.00,24776.00,35829.30,23700.32,19939.31,11118.44,14600.62,16004.11,15383.95,19843.01,19538.34,36666.63,20963.25,37361.41,23848.00,29733.00,23721.25,28156.38,21310.00,34819.86,26308.26,27654.46,18248.49,24378.66,16250.00,26678.08,32339.06,14003.93,15026.00,17949.78,16487.46,23688.25,31339.69,15116.38,14604.00,2493.48,27017.02,5404.22,16384.32,33291.00,21770.00,32048.58,21858.09,20914.84,18434.00,14413.00,4519.87,21587.58,20069.00,16773.31,23862.30,25006.16,11733.00
2019-07,2019,7,20.42,542.31,1.13,33.20,10.50,1902882.46,16555.00,20926.00,31677.88,35070.00,29282.11,26524.00,26214.29,19766.05,20271.16,18369.00,9505.00,28363.52,27800.49,38061.06,21810.04,27577.98,17725.48,39975.70,31517.87,17343.14,24778.00,21997.00,27104.00,16435.86,21495.52,34380.51,16403.63,5051.97,40431.85,14849.00,8161.00,15738.00,17020.54,28547.00,19535.26,12060.35,2722.00,8701.57,12141.00,24238.00,33825.77,22772.92,18822.72,10797.84,13933.54,15932.08,14514.85,19243.50,18519.49,33668.40,19943.94,37316.47,20922.00,25936.00,20099.22,26033.11,16580.00,34949.26,24943.68,23719.42,16894.56,21152.42,16271.00,24822.00,29476.82,13361.59,15483.00,17995.03,16765.07,19716.82,31782.52,14179.53,13334.80,2696.28,24631.23,5583.22,18870.09,28684.00,21552.00,32465.57,20913.22,17034.00,17188.00,13641.00,5015.46,20582.40,17547.00,15332.38,24851.44,24048.16,11269.00
2019-08,2019,8,20.85,543.87,1.20,35.70,11.10,1880902.28,15702.00,20900.00,32037.21,34839.00,29064.38,25675.00,24963.06,18933.00,19802.33,16597.00,9698.00,28422.98,28064.61,37571.68,21077.77,26798.33,17858.44,34528.93,31781.00,18862.31,23903.33,21895.00,26456.58,16019.54,21362.06,33873.20,16115.31,5150.79,39513.75,14986.00,8431.17,15069.00,16694.37,27145.00,19490.20,11903.85,2910.00,8738.11,11977.00,23803.00,33368.10,22689.20,18664.56,9690.87,13546.28,15202.74,15123.04,19017.34,18123.25,34544.12,20765.01,35555.00,20698.00,25715.00,21643.19,27239.00,16380.00,37537.42,24152.45,21948.63,16734.34,22874.64,16502.00,23697.77,26660.88,13070.31,15158.00,18687.18,15011.41,19995.38,30679.10,13736.66,13284.74,2627.25,26033.34,5567.72,18507.14,28344.00,20929.00,32861.60,19483.71,18560.02,16870.00,13336.00,5039.30,20364.45,17308.00,14322.88,25598.64,23658.27,12299.00
2019-09,2019,9,22.87,533.85,1.37,39.30,15.90,2018631.44,17067.00,22134.00,31404.86,38973.00,32919.36,26598.00,26324.94,20048.00,20906.23,19043.00,8778.00,30739.33,30683.33,40458.02,22377.36,28594.49,19644.28,38642.80,34564.00,18803.67,25856.00,23449.00,29726.21,16978.08,22489.37,37013.84,18069.28,5439.33,43352.15,15836.00,9077.00,15731.00,18324.86,28695.00,20999.10,12210.63,3055.00,9196.64,13405.00,23935.00,37148.90,23705.83,19182.08,10228.45,14931.73,15746.96,16616.29,21356.55,19579.79,36921.70,21091.45,40696.00,21662.00,28819.00,26181.81,28463.00,18175.00,41260.00,24642.36,21678.27,17740.64,24224.91,17202.00,25917.33,30984.40,14055.61,17487.00,20697.70,16322.93,20780.00,31239.36,14547.08,12320.05,2747.34,28538.88,5656.95,18172.22,30210.00,23231.00,33359.84,20795.02,19863.33,17978.00,14452.00,4086.73,22123.90,18209.00,18045.44,26770.29,24880.09,11624.00
2019-10,2019,10,25.05,761.48,1.45,36.60,15.30,2360542.09,20072.00,26160.00,34514.61,45699.46,40412.35,31210.00,31478.44,24366.00,23983.41,22673.00,9235.12,34963.39,36405.41,48446.82,25128.15,30018.27,22494.23,43710.04,40306.00,20282.20,30917.00,27961.00,36111.81,19770.42,26980.18,43766.61,21788.28,6205.86,51850.26,17674.00,10178.00,18947.00,21359.68,34459.00,24560.45,14134.21,3320.00,10812.61,16024.00,26689.00,44261.78,25808.26,22278.03,11717.99,17354.64,17750.69,20325.18,24915.84,22630.75,45411.54,25802.80,48131.00,26352.00,34385.00,31667.44,32682.00,22060.00,46858.00,28680.17,25245.76,21922.82,29233.18,19343.00,30397.54,36377.28,15139.64,17392.00,24914.82,18887.43,25591.25,35235.88,18386.65,14582.08,2929.82,34721.47,6208.53,23645.05,36478.00,24420.00,36289.79,27320.41,23282.57,21387.00,16948.00,5238.83,26151.87,20819.00,21764.00,29735.05,29198.35,12639.00
2019-11,2019,11,24.64,642.80,1.63,41.20,17.80,2214875.54,18919.00,23525.00,33443.48,41568.51,35333.76,29896.00,29297.74,23040.00,22336.91,20984.00,10138.00,33148.10,32928.11,46203.65,22606.39,27659.90,22005.30,41024.59,36724.86,18668.78,28863.00,26155.00,32798.98,17708.86,25291.78,39849.93,20418.05,5030.20,47645.42,16083.00,9599.00,19146.00,20386.14,32733.00,23385.02,13388.90,3188.00,10465.93,14625.00,24585.00,41328.24,23795.30,21193.74,11170.55,16312.18,17107.66,18507.21,22909.92,21863.28,41187.98,24174.43,43572.38,24899.00,32357.31,28562.59,30882.00,19633.00,45104.00,27085.88,23170.62,20407.55,28753.57,18489.00,28565.05,33628.09,14975.69,16191.00,23040.36,17556.20,24570.75,31488.31,18193.27,14524.92,2683.63,33062.72,5878.27,23304.80,35377.14,24998.00,34967.39,25095.32,22984.35,20137.58,16171.00,5093.27,25564.26,19527.68,19795.49,28648.84,27983.04,13121.00
2019-12,2019,12,26.13,866.30,1.45,35.90,16.80,2507313.44,21465.65,27992.00,38403.54,50430.77,41317.57,34066.00,34058.44,26048.00,24493.69,23309.02,10967.84,38747.33,38204.58,54054.57,24464.14,31096.18,24494.63,46301.35,43754.93,16306.16,32192.00,30900.00,36190.21,20448.94,28583.72,44268.00,23054.17,6567.01,54822.51,17976.00,9380.00,21220.26,22755.71,37104.00,27140.45,15063.20,3285.00,11001.01,16798.00,30228.00,46083.07,26361.04,25033.92,12732.25,18999.07,17852.23,21507.47,25976.63,24773.61,47590.11,28192.97,50782.12,28997.00,36875.46,34067.63,34553.10,22980.00,51481.00,31766.95,29932.31,23044.03,32314.45,19173.00,31900.10,38857.35,17190.20,17947.00,25265.42,18552.23,28453.06,33780.55,21511.98,17883.03,2739.71,37562.39,6137.61,23746.17,37302.17,29102.00,35095.87,27188.83,26329.02,22822.00,18579.00,5477.26,28608.86,23148.50,22817.98,30517.10,29362.30,12483.00
2020-01,2020,1,26.94,797.71,1.44,38.10,18.20,2789058.94,23825.07,29941.00,41730.01,52336.11,45168.06,37189.00,37485.88,28711.00,26709.08,26194.00,12300.00,41926.98,40800.68,56055.82,27392.67,31551.77,23987.52,50852.93,44543.95,16750.98,37186.00,33481.00,36826.69,25283.08,29955.26,48741.24,24007.15,6852.07,61622.71,18137.00,10360.00,22003.39,23860.64,39290.00,30043.14,16276.87,3384.00,11511.31,17852.00,34295.00,50178.95,28742.40,27666.95,14348.42,20603.90,19409.79,22790.03,26946.00,26330.00,50489.40,31744.94,56243.24,31766.00,39661.85,36473.00,38521.00,26476.00,55186.00,36550.75,29661.95,25107.46,35871.22,19244.00,34669.85,41684.11,18647.59,17665.00,29073.12,20786.56,31945.95,36111.42,23611.16,20032.10,2767.23,40446.53,6518.57,25032.60,44036.15,29664.00,35953.57,30573.10,27784.35,25263.00,20249.00,5652.52,30605.07,25919.00,23810.66,28531.87,31974.57,15274.00
2020-02,2020,2,26.25,674.94,1.41,36.90,20.50,2505368.35,21863.00,26544.00,39771.37,45566.80,40849.28,33694.00,33477.38,26210.00,24302.64,23584.00,11476.00,37990.14,37651.17,50619.48,26050.22,27290.07,24501.55,45594.46,40221.62,13932.94,33437.00,29204.00,33884.86,21002.39,26310.57,43820.77,22428.24,4690.84,57355.98,17066.00,9740.00,19935.00,22090.11,37036.00,26505.76,14852.79,3180.00,11367.46,16215.00,30057.00,44590.62,26564.09,25134.34,13048.15,18838.90,14428.37,20731.54,24452.03,23626.71,45889.48,28575.75,51128.64,28031.00,35804.00,28070.09,34156.00,23950.00,49802.00,32674.58,27464.96,22567.10,31972.27,17937.00,31942.84,37374.19,16864.54,16052.00,24962.53,18515.70,26953.93,33488.18,21510.28,18525.26,2553.15,36064.74,5676.43,22494.18,40178.00,25482.00,34158.34,26756.32,24031.52,22301.00,18736.00,5075.63,25827.84,23460.00,20328.54,25715.42,28217.53,14072.00
2020-03,2020,3,25.01,745.91,1.20,34.90,17.70,2438604.65,20878.00,24764.00,35311.90,44678.77,40910.14,31618.85,31966.56,25335.00,22001.32,23477.00,11517.00,34555.07,35224.63,48874.22,22357.37,30774.19,25044.52,44879.81,41154.72,13954.26,33425.00,29281.00,34144.06,17457.66,26700.53,41975.60,20889.83,5167.18,58654.32,17060.00,8950.00,18290.00,21551.04,36056.00,26250.24,14109.31,3113.00,10840.38,15702.01,29422.00,44353.25,24394.82,21671.31,11531.83,17284.22,15927.60,20955.25,24209.63,22312.39,45453.75,28523.94,47570.29,28603.00,35050.74,30976.03,34264.00,21540.00,49491.00,29520.76,37014.40,21837.34,29850.93,18380.00,29688.20,36254.79,15751.99,16121.00,24380.56,16418.00,27003.33,30690.71,20682.63,18952.44,2710.01,35754.47,6003.89,19951.00,39028.00,27325.00,35565.47,25154.62,23616.44,21723.00,17610.00,5445.67,26135.23,22959.00,19716.48,25261.85,27004.89,14826.00
2020-04,2020,4,23.49,599.65,1.14,33.70,16.30,2020691.01,17300.00,19126.00,26381.43,41246.07,34272.59,25153.71,24095.96,21543.14,15710.47,19308.00,11625.00,27472.38,29766.78,43101.18,15424.05,23927.61,18105.43,38036.84,34560.08,14104.03,27806.50,26061.18,29181.57,13865.23,25650.72,36644.00,16902.32,6722.00,46269.98,15022.00,6740.00,14224.96,17508.43,30804.00,22063.86,11377.00,2697.74,8889.09,13337.07,24162.95,35361.98,19062.72,15527.10,8268.00,14512.95,11232.49,18393.39,21457.34,18521.61,37778.13,22596.60,38462.18,25764.00,29446.00,28511.88,28555.00,19510.00,40312.00,21403.00,28947.20,18345.57,24914.00,16796.00,23603.25,30479.56,11845.38,14108.00,21438.73,9811.55,24413.25,21113.00,16852.75,16515.45,2529.03,30340.62,5340.69,18157.97,32767.40,22827.14,31058.39,21428.20,20540.00,19714.65,14785.00,5086.02,21834.94,19324.00,18646.39,22720.27,21778.68,11904.00
2020-05,2020,5,21.16,554.78,1.04,31.60,11.20,1843082.04,15537.00,17820.00,25087.38,36354.24,30274.05,23854.82,22205.55,19870.00,14601.17,17596.00,10458.00,24615.62,24377.92,37801.54,15015.63,23815.30,15932.78,36602.90,31605.63,15669.30,24095.00,23153.00,26541.00,12894.66,23543.38,34392.69,14640.02,6192.27,40891.08,14562.00,6600.00,13680.56,16019.84,26507.00,20001.95,10734.93,2771.00,8190.66,12306.00,22666.00,31659.01,17671.42,14418.64,8102.64,13134.61,10531.26,16470.22,19203.52,16625.13,33569.06,20829.57,34866.14,24937.00,26832.00,26458.56,25399.00,16686.48,34759.00,20307.92,25458.94,16049.79,22721.86,16496.00,21699.85,27535.85,11608.47,14188.00,19696.78,9454.88,21076.69,20294.42,15285.04,14390.00,2413.37,26773.91,5461.07,16705.33,27794.24,21397.00,30116.22,19520.82,18429.58,16214.00,12558.00,4613.79,19246.37,17289.00,17116.32,23430.40,19305.28,11122.00
2020-06,2020,6,22.17,482.32,0.97,34.50,12.70,1911318.69,16215.41,19171.00,26641.11,38928.57,31109.25,23756.88,22596.69,20419.00,15248.74,19156.00,10443.00,26607.72,26256.90,40069.63,15769.83,24284.91,16570.09,39287.70,32931.81,16232.46,24601.00,23845.22,27073.73,14854.88,23690.15,36608.00,15800.01,6433.90,44263.95,14561.85,6600.00,13929.03,16578.05,27383.00,19996.99,10863.00,2655.00,8208.45,12689.00,22746.86,33374.71,17819.16,14458.70,8183.67,13311.23,10688.90,16843.29,20354.59,17607.95,35010.53,21658.89,36585.03,23215.00,27382.10,26391.28,25892.00,16379.31,36945.05,20573.22,25621.04,16952.26,23739.00,16083.24,22214.80,28400.23,12072.81,14525.00,19536.46,10065.30,21974.30,20648.79,15556.91,14957.85,2167.59,27593.22,5489.50,17540.60,29060.00,22193.43,29960.22,19632.21,19214.11,17217.00,13482.44,4983.18,20212.03,17343.36,16596.96,24828.47,21024.16,11856.00
2020-07,2020,7,21.49,478.59,1.09,33.50,13.60,1959274.32,16033.00,19362.00,28305.31,39293.01,31239.85,24457.00,24335.77,20012.00,16355.59,20950.49,11322.00,27155.54,29080.61,38382.70,16967.37,24673.38,19205.54,34293.43,33241.69,17755.94,24715.00,23546.59,28373.25,15539.69,23533.94,36240.00,16405.27,6743.93,43824.33,15373.00,6870.00,14738.73,16941.47,27584.43,20174.02,11312.00,2338.94,8364.50,13058.00,23711.93,35010.74,19030.44,17147.33,8218.47,14257.59,11345.30,16815.16,19993.00,18036.42,35341.16,21818.15,37477.19,23343.00,27583.41,26447.94,26324.06,17780.00,37657.00,21855.04,27140.35,17015.44,24556.00,16585.00,22871.51,28430.75,12065.77,16024.00,19943.42,11143.64,22248.33,22435.51,15662.55,14887.58,2228.24,27822.66,5904.93,18943.85,30523.00,20976.44,31734.63,19824.00,19459.47,17422.01,13505.00,5290.09,20483.97,16978.00,16589.61,26058.01,22440.39,13701.00
2020-08,2020,8,21.21,624.35,1.18,34.60,12.20,1954625.45,15981.00,19594.00,27927.41,39074.79,30928.70,24605.00,24047.25,19888.00,16581.09,19147.67,10392.00,27914.50,27733.98,39842.83,17064.82,25191.69,17264.42,34256.35,33239.84,18870.96,24753.00,23105.00,29414.46,15574.74,23249.40,36473.37,16028.36,6653.65,39324.07,15236.00,6880.00,15233.00,17086.41,27242.00,19791.68,11255.00,2520.00,8728.08,13162.00,23532.40,34035.24,18876.91,17572.03,8496.10,14158.39,11387.92,16659.70,19983.51,18069.56,34839.04,20817.67,38108.97,23599.76,27581.96,25866.03,26396.00,18310.00,38316.00,21833.68,23554.34,16660.03,23982.00,16664.00,22581.78,28304.41,12183.66,16754.00,19821.57,11707.46,22928.23,22199.31,15558.36,14728.35,2189.78,27785.67,5989.97,21293.15,29389.00,20735.00,31832.38,20993.56,18618.04,17427.00,13934.00,5215.57,20539.23,17093.00,16685.47,26353.77,23234.74,13269.00
2020-09,2020,9,24.61,695.24,1.25,38.90,17.70,2276244.71,18822.01,22483.00,30319.68,45824.51,37878.82,27337.00,27994.09,23637.37,18872.40,21359.05,11494.00,32627.26,34042.86,47001.16,19310.83,26957.72,21419.93,41992.35,38802.15,20302.62,29932.00,27484.00,34808.01,17720.61,27317.33,42114.00,19251.45,7326.20,48978.54,16281.00,7570.00,17314.90,20371.94,32326.27,22561.70,12332.00,2969.00,10044.51,15251.00,26603.82,40182.00,20937.19,20919.64,9757.10,16419.04,12669.03,20089.00,22588.00,21259.86,43318.00,26319.19,46465.60,27631.00,32793.07,26959.38,30983.00,21245.00,44302.00,25257.04,25256.90,19920.19,27974.50,17848.22,26922.03,34693.39,13248.31,18057.66,23832.71,13315.41,25627.48,23859.94,17661.71,17899.32,2470.65,33826.10,6557.83,26100.04,34014.00,24736.00,34349.41,24941.37,23324.90,20170.00,15848.00,5589.78,24465.47,19735.58,20300.72,30149.73,27694.75,11894.00
2020-10,2020,10,24.81,684.68,1.35,40.60,15.10,2411332.69,20213.00,23480.00,32455.89,48730.64,39648.56,29289.00,30287.29,25191.54,20378.73,22998.58,13295.00,33956.29,35901.25,48881.21,21528.84,27915.56,23174.55,42662.09,41574.47,21181.01,31708.00,28996.79,35363.20,19105.04,27537.78,43826.00,20706.68,7279.95,55732.86,17894.00,8162.63,18942.85,21552.86,34172.00,24200.83,13218.00,3135.73,10377.32,15738.00,27190.78,43786.78,22631.00,21587.55,10467.90,17247.44,12425.86,20925.52,23611.00,21882.89,44964.32,27359.37,48320.36,28926.12,35307.00,29240.54,32465.60,21870.00,49081.00,26740.83,27887.41,21848.72,30481.73,19115.72,28948.58,36474.55,14194.31,18838.92,24911.41,14329.31,27111.28,26158.57,18845.60,18669.72,2521.02,34463.45,6741.14,24970.26,36445.21,26333.00,36086.82,26165.17,25051.79,21733.00,16996.00,5724.72,25808.22,21090.12,20908.26,31817.47,28518.54,13508.00
2020-11,2020,11,24.09,692.25,1.21,35.30,16.90,2190960.34,18340.00,23247.00,30476.11,44367.19,35855.92,27366.00,27465.60,23203.95,18751.25,20692.39,13215.00,30690.65,33175.84,44285.52,20816.98,26395.71,18842.70,39592.58,37228.04,16417.77,28003.00,26178.20,31824.32,17674.83,25082.72,40817.00,18309.18,7298.86,49657.36,16603.00,8706.76,17544.00,17456.06,30651.00,22977.34,12327.00,2670.00,9694.34,14693.43,25093.68,40132.39,20754.14,19767.80,9976.81,15944.25,11404.97,18571.66,22077.00,20066.20,39973.90,24709.20,41188.66,27136.00,32012.41,25364.58,29650.08,21030.00,45039.00,25001.27,27214.18,19684.10,28524.93,16894.00,25061.29,32152.44,13563.71,17163.33,22214.72,13487.57,25189.54,24236.42,17341.88,16536.92,2214.00,31765.82,6238.15,20441.35,33021.40,23448.00,33893.13,23855.84,22098.00,19206.00,15746.00,5487.97,23016.38,18959.45,18919.33,27380.38,25124.26,13331.00
2020-12,2020,12,26.16,705.47,1.31,36.70,20.40,2633723.62,21702.68,27437.00,37719.66,52612.80,43790.99,33348.00,34145.42,27779.54,22207.34,23743.61,12680.00,39330.88,40123.65,53474.51,24206.67,29487.79,23540.23,48201.36,45330.38,17735.22,34464.00,32590.00,38348.46,21665.52,29940.94,47019.35,22633.14,7907.00,62744.07,18200.00,8907.18,21061.05,22205.52,37676.00,27521.46,14381.00,3188.00,11247.08,17412.00,28181.14,48258.30,25663.91,23885.79,11997.11,20035.59,12637.72,23173.63,26334.00,24274.77,49783.41,28627.12,51395.31,33366.00,39261.48,36252.48,36279.44,24270.00,53763.00,31129.07,29671.87,24290.27,36005.70,18972.00,31715.94,40790.88,16026.47,19756.00,27514.58,15639.64,30957.39,27320.26,21619.32,21019.64,2439.08,38435.40,6398.00,20960.04,44083.00,28788.00,35201.80,27936.40,27069.13,23811.00,18897.00,5708.64,27777.48,23731.00,23010.72,29590.74,30822.93,12419.00
